Quarterly figures are available in the 2.1.1 tab and annual figures are avaliable in the 2.1.2 tab.,Unnamed: 1,Unnamed: 2,Unnamed: 3,Unnamed: 4,Unnamed: 5,Unnamed: 6,Unnamed: 7,Unnamed: 8,Unnamed: 9,Unnamed: 10,Unnamed: 11,Unnamed: 12,Unnamed: 13,Unnamed: 14,Unnamed: 15,Unnamed: 16
"Note 1. Aggregate of individual solid fuels, gas, electricity and liquid fuels indices.",,,,,,,,,,,,,,,,
"Note 2. ULSP, ULSD & motor oil. Other fuels are as defined by ONS. See the Methodology tab for further details.",,,,,,,,,,,,,,,,
Note 3. ONS update the GDP Deflator on a regular basis.  As such the real terms price indices are subject to regular revisions to the whole series.,,,,,,,,,,,,,,,,
"             As the quarterly GDP deflator is used for months with a quarter, real price indices will be updated once a quarter's GDP deflator is available and are therefore less timely than the current price indices.",,,,,,,,,,,,,,,,
"Freeze panes are turned on. To turn off freeze panes select the 'View' ribbon then 'Freeze Panes' then 'Unfreeze Panes' or use [Alt,W,F]",,,,,,,,,,,,,,,,
Please see the cover sheet for a proposed methodology change to this table,,,,,,,,,,,,,,,,
Source: Office for National Statistics (ONS),,,,,,,,,,,,,,,,
Year and dataset code row,Month,Current price indices: Solid fuels,Current price indices: Gas ,Current price indices: Electricity ,Current price indices: Liquid fuels,"Current price indices: Domestic fuels
[Note 1]","Current price indices: Motor fuel & oil
[Note 2]","Current price indices: All Items CPI 2010=100
",Real price indices: Solid fuels [Note 3],Real price indices: Gas [Note 3],Real price indices: Electricity [Note 3],Real price indices: Liquid fuels [Note 3],"Real price indices: Domestic fuels
[Note 1, 3]","Real price indices: Motor fuel & oil
[Note 2, 3]","Real price indices: All Items CPI 2010=100
[Note 3]",GDP Deflator     2010=100 [Note 3]
Dataset identifier code,,D7DW,D7DU,D7DT,D7DV,D7CH,D7EC,D7BT,,,,,,,,
1990,January,37.00340522133939,36.41160949868074,49.039692701664535,35.07767784137367,42.23363286264441,31.96564885496183,59.95525727069351,61.6,60.7,81.7,58.4,70.4,53.3,99.9,60.02785515320335
1990,February,37.00340522133939,36.41160949868074,49.039692701664535,31.07113654946852,41.97689345314506,31.87022900763359,60.40268456375839,61.6,60.7,81.7,51.8,69.9,53.1,100.6,60.02785515320335
1990,March,37.116912599318965,36.80738786279683,49.039692701664535,28.863450531479966,42.105263157894726,31.87022900763359,60.62639821029082,61.8,61.3,81.7,48.1,70.1,53.1,101,60.02785515320335
1990,April,37.116912599318965,37.73087071240106,49.55185659411012,29.27228127555192,42.747111681643126,34.160305343511446,61.74496644295302,60.8,61.9,81.2,48,70.1,56,101.2,61.00278551532033
1990,May,35.18728717366629,38.65435356200528,51.344430217669654,28.863450531479966,43.64569961489088,34.06488549618321,62.304250559284114,57.7,63.4,84.2,47.3,71.5,55.8,102.1,61.00278551532033
1990,June,35.07377979568672,39.050131926121374,52.62483994878362,27.718724448078497,44.28754813863927,33.87404580152672,62.527964205816545,57.5,64,86.3,45.4,72.6,55.5,102.5,61.00278551532033
1990,July,34.96027241770715,39.050131926121374,53.52112676056338,26.819296811120196,44.54428754813864,33.58778625954199,62.41610738255032,55.5,62,85,42.6,70.8,53.4,99.1,62.95264623955432
1990,August,36.43586833144155,39.050131926121374,53.52112676056338,36.38593622240393,45.31450577663671,36.16412213740458,63.08724832214765,57.9,62,85,57.8,72,57.4,100.2,62.95264623955432
1990,September,37.3439273552781,39.050131926121374,53.52112676056338,40.06541291905151,45.69961489088575,39.12213740458015,63.758389261744966,59.3,62,85,63.6,72.6,62.1,101.3,62.95264623955432
1990,October,37.6844494892168,39.050131926121374,53.52112676056338,53.39329517579722,46.5982028241335,39.98091603053435,64.20581655480984,59.3,61.5,84.3,84.1,73.4,63,101.1,63.50974930362118
1990,November,38.93303064699206,39.31398416886544,53.52112676056338,44.15372035977106,46.21309370988446,37.786259541984734,64.31767337807605,61.3,61.9,84.3,69.5,72.8,59.5,101.3,63.50974930362118
1990,December,39.16004540295119,39.5778364116095,53.52112676056338,39.73834832379396,46.08472400513478,35.68702290076336,64.31767337807605,61.7,62.3,84.3,62.6,72.6,56.2,101.3,63.50974930362118
1991,January,39.500567536889896,40.105540897097626,53.52112676056338,42.027800490596896,46.46983311938382,35.20992366412214,64.20581655480984,61.1,62.1,82.8,65,71.9,54.5,99.4,64.62395543175488
1991,February,39.500567536889896,40.36939313984169,53.52112676056338,40.88307440719542,46.46983311938382,34.06488549618321,64.5413870246085,61.1,62.5,82.8,63.3,71.9,52.7,99.9,64.62395543175488
1991,March,39.61407491486947,40.36939313984169,53.52112676056338,32.62469337694194,45.9563543003851,34.35114503816794,64.76510067114093,61.3,62.5,82.8,50.5,71.1,53.2,100.2,64.62395543175488
1991,April,39.72758229284904,40.50131926121372,54.41741357234315,30.662305805396567,46.34146341463414,38.07251908396946,67.00223713646531,60.4,61.6,82.8,46.6,70.5,57.9,101.9,65.73816155988858
1991,May,37.79795686719637,40.89709762532981,56.20998719590269,31.398201144726084,47.240051347881895,39.02671755725191,67.4496644295302,57.5,62.2,85.5,47.8,71.9,59.4,102.6,65.73816155988858
1991,June,37.230419977298524,41.29287598944592,58.002560819462225,30.907604251839736,48.01026957637997,38.74045801526718,67.78523489932886,56.6,62.8,88.2,47,73,58.9,103.1,65.73816155988858
1991,July,37.116912599318965,41.556728232189975,59.1549295774648,30.662305805396567,48.65211810012837,39.217557251908396,67.67337807606265,55.9,62.6,89,46.2,73.2,59,101.9,66.43454038997216
1991,August,39.046538024971625,41.556728232189975,59.1549295774648,30.98937040065413,48.78048780487805,39.02671755725191,68.12080536912751,58.8,62.6,89,46.6,73.4,58.7,102.5,66.43454038997216
1991,September,39.84108967082861,41.556728232189975,59.1549295774648,32.29762878168438,48.90885750962772,38.3587786259542,68.34451901565996,60,62.6,89,48.6,73.6,57.7,102.9,66.43454038997216
1991,October,40.06810442678774,41.556728232189975,59.1549295774648,31.888798037612432,48.90885750962772,38.74045801526718,68.56823266219239,59.7,61.9,88.1,47.5,72.9,57.7,102.1,67.13091922005572
1991,November,41.089670828603865,41.556728232189975,59.1549295774648,32.62469337694194,49.0372272143774,38.54961832061068,68.79194630872483,61.2,61.9,88.1,48.6,73,57.4,102.5,67.13091922005572
1991,December,41.20317820658343,41.556728232189975,59.1549295774648,30.417007358953395,48.90885750962772,38.07251908396946,68.90380313199105,61.4,61.9,88.1,45.3,72.9,56.7,102.6,67.13091922005572
1992,January,41.316685584563,41.556728232189975,59.1549295774648,28.372853638593625,48.78048780487805,36.545801526717554,68.68008948545861,60.8,61.1,87,41.7,71.8,53.8,101,67.96657381615599
1992,February,41.316685584563,41.556728232189975,59.1549295774648,29.02698282910875,48.90885750962772,36.92748091603054,69.01565995525726,60.8,61.1,87,42.7,72,54.3,101.5,67.96657381615599
1992,March,41.316685584563,41.556728232189975,59.1549295774648,28.045789043336057,48.78048780487805,37.5,69.35123042505592,60.8,61.1,87,41.3,71.8,55.2,102,67.96657381615599
1992,April,41.316685584563,41.556728232189975,59.28297055057619,27.88225674570728,48.90885750962772,38.835877862595424,70.13422818791946,60.5,60.9,86.9,40.9,71.7,56.9,102.8,68.24512534818942
1992,May,40.97616345062429,41.556728232189975,59.667093469910384,28.209321340964845,49.0372272143774,39.31297709923665,70.35794183445189,60,60.9,87.4,41.3,71.9,57.6,103.1,68.24512534818942
1992,June,39.38706015891034,41.556728232189975,60.179257362355955,27.964022894521673,49.0372272143774,39.217557251908396,70.35794183445189,57.7,60.9,88.2,41,71.9,57.5,103.1,68.24512534818942
1992,July,39.38706015891034,41.29287598944592,60.43533930857875,28.045789043336057,49.16559691912708,39.12213740458015,70.02237136465325,57.8,60.6,88.7,41.2,72.2,57.4,102.8,68.10584958217271
1992,August,39.273552780930764,40.89709762532981,60.43533930857875,27.22812755519215,48.90885750962772,38.645038167938935,70.13422818791946,57.7,60,88.7,40,71.8,56.7,103,68.10584958217271
1992,September,40.862656072644725,40.50131926121372,60.43533930857875,26.492232215862632,48.78048780487805,38.26335877862596,70.35794183445189,60,59.5,88.7,38.9,71.6,56.2,103.3,68.10584958217271
1992,October,41.43019296254257,40.105540897097626,60.43533930857875,30.253475061324615,48.78048780487805,39.408396946564885,70.58165548098434,60.5,58.5,88.2,44.2,71.2,57.5,103,68.52367688022285
1992,November,41.65720771850171,39.84168865435356,60.43533930857875,32.052330335241216,48.90885750962772,40.17175572519084,70.58165548098434,60.8,58.1,88.2,46.8,71.4,58.6,103,68.52367688022285
1992,December,41.65720771850171,39.5778364116095,60.43533930857875,31.07113654946852,48.65211810012837,40.55343511450381,70.69351230425056,60.8,57.8,88.2,45.3,71,59.2,103.2,68.52367688022285
1993,January,41.65720771850171,39.44591029023747,60.43533930857875,31.234668847097304,48.65211810012837,39.408396946564885,70.24608501118567,59.7,56.5,86.6,44.8,69.7,56.5,100.7,69.77715877437326
1993,February,41.65720771850171,39.44591029023747,60.43533930857875,31.316434995911692,48.65211810012837,40.17175572519084,70.69351230425056,59.7,56.5,86.6,44.9,69.7,57.6,101.3,69.77715877437326
1993,March,41.65720771850171,39.44591029023747,60.43533930857875,32.461161079313165,48.65211810012837,40.55343511450381,71.14093959731544,59.7,56.5,86.6,46.5,69.7,58.1,102,69.77715877437326
1993,April,41.543700340522136,39.44591029023747,60.30729833546735,31.316434995911692,48.52374839537868,42.36641221374045,71.92393736017895,59.7,56.6,86.6,45,69.7,60.8,103.3,69.63788300835655
1993,May,39.84108967082861,39.44591029023747,59.79513444302178,30.907604251839736,48.26700898587933,42.36641221374045,72.1476510067114,57.2,56.6,85.9,44.4,69.3,60.8,103.6,69.63788300835655
1993,June,39.61407491486947,39.44591029023747,59.53905249679898,30.17170891251022,48.01026957637997,42.843511450381676,72.1476510067114,56.9,56.6,85.5,43.3,68.9,61.5,103.6,69.63788300835655
1993,July,39.61407491486947,39.44591029023747,59.28297055057619,29.844644317252655,48.01026957637997,42.36641221374045,71.81208053691275,56.3,56.1,84.3,42.4,68.3,60.2,102.1,70.33426183844011
1993,August,39.500567536889896,39.44591029023747,59.28297055057619,29.108748977923142,47.88189987163029,42.08015267175573,72.1476510067114,56.2,56.1,84.3,41.4,68.1,59.8,102.6,70.33426183844011
1993,September,41.43019296254257,39.44591029023747,59.411011523687584,29.27228127555192,48.01026957637997,42.270992366412216,72.48322147651007,58.9,56.1,84.5,41.6,68.3,60.1,103.1,70.33426183844011
1993,October,41.88422247446084,39.44591029023747,59.411011523687584,30.74407195421096,48.138639281129656,41.79389312977099,72.37136465324384,59,55.5,83.6,43.3,67.8,58.8,101.9,71.03064066852369
1993,November,41.543700340522136,39.44591029023747,59.28297055057619,30.58053965658217,48.138639281129656,41.69847328244275,72.25950782997762,58.5,55.5,83.5,43.1,67.8,58.7,101.7,71.03064066852369
1993,December,41.997729852440415,39.44591029023747,59.1549295774648,30.17170891251022,48.01026957637997,43.3206106870229,72.37136465324384,59.1,55.5,83.3,42.5,67.6,61,101.9,71.03064066852369
1994,January,42.11123723041998,39.44591029023747,59.0268886043534,29.435813573180702,47.88189987163029,43.12977099236642,72.1476510067114,58.9,55.2,82.6,41.2,67,60.4,101,71.44846796657382
1994,February,41.997729852440415,39.44591029023747,58.64276568501921,28.781684382665578,47.753530166880616,43.034351145038165,72.48322147651007,58.8,55.2,82.1,40.3,66.8,60.2,101.4,71.44846796657382
1994,March,41.88422247446084,39.44591029023747,58.38668373879642,28.618152085036797,47.625160462130935,42.843511450381676,72.7069351230425,58.6,55.2,81.7,40.1,66.7,60,101.8,71.44846796657382
1994,April,45.06242905788877,42.61213720316622,62.86811779769527,31.234668847097304,51.34788189987163,43.225190839694655,73.2662192393736,63.4,60,88.5,44,72.3,60.9,103.1,71.03064066852369
1994,May,43.4733257661748,42.61213720316622,62.61203585147247,31.234668847097304,51.09114249037226,43.416030534351144,73.60178970917225,61.2,60,88.1,44,71.9,61.1,103.6,71.03064066852369
1994,June,43.24631101021567,42.61213720316622,62.483994878361074,30.662305805396567,51.09114249037226,43.79770992366412,73.60178970917225,60.9,60,88,43.2,71.9,61.7,103.6,71.03064066852369
1994,July,43.24631101021567,42.61213720316622,62.86811779769527,30.498773507767783,51.21951219512194,43.60687022900764,73.15436241610739,60.6,59.8,88.2,42.8,71.8,61.2,102.6,71.30919220055712
1994,August,43.24631101021567,42.61213720316622,63.124199743918055,30.498773507767783,51.34788189987163,44.75190839694657,73.48993288590604,60.6,59.8,88.5,42.8,72,62.8,103.1,71.30919220055712
1994,September,44.26787741203179,42.61213720316622,62.996158770806666,30.253475061324615,51.21951219512194,44.465648854961835,73.60178970917225,62.1,59.8,88.3,42.4,71.8,62.4,103.2,71.30919220055712
1994,October,44.9489216799092,42.61213720316622,62.740076824583866,30.335241210139003,51.21951219512194,43.79770992366412,73.48993288590604,62.2,59,86.8,42,70.9,60.6,101.7,72.28412256267409
1994,November,44.9489216799092,42.61213720316622,62.61203585147247,30.17170891251022,51.09114249037226,43.225190839694655,73.48993288590604,62.2,59,86.6,41.7,70.7,59.8,101.7,72.28412256267409
1994,December,45.06242905788877,42.61213720316622,62.61203585147247,29.762878168438267,51.09114249037226,44.847328244274806,73.8255033557047,62.3,59,86.6,41.2,70.7,62,102.1,72.28412256267409
1995,January,45.06242905788877,42.74406332453825,62.740076824583866,29.762878168438267,51.21951219512194,45.61068702290076,73.8255033557047,62.2,59,86.6,41.1,70.7,63,101.9,72.42339832869081
1995,February,45.06242905788877,42.87598944591029,62.61203585147247,29.681112019623875,51.34788189987163,45.229007633587784,74.16107382550334,62.2,59.2,86.5,41,70.9,62.5,102.4,72.42339832869081
1995,March,44.835414301929625,43.13984168865436,62.61203585147247,29.435813573180702,51.34788189987163,45.51526717557252,74.60850111856823,61.9,59.6,86.5,40.6,70.9,62.8,103,72.42339832869081
1995,April,44.835414301929625,43.27176781002638,62.61203585147247,29.844644317252655,51.476251604621304,46.18320610687023,74.9440715883669,61.4,59.3,85.8,40.9,70.5,63.3,102.7,72.98050139275766
1995,May,43.35981838819524,43.27176781002638,62.483994878361074,29.681112019623875,51.34788189987163,46.37404580152672,75.39149888143177,59.4,59.3,85.6,40.7,70.4,63.5,103.3,72.98050139275766
1995,June,43.24631101021567,43.27176781002638,62.483994878361074,29.517579721995098,51.34788189987163,46.56488549618321,75.39149888143177,59.3,59.3,85.6,40.4,70.4,63.8,103.3,72.98050139275766
1995,July,43.1328036322361,43.27176781002638,62.61203585147247,29.354047424366314,51.34788189987163,46.56488549618321,75.0559284116331,58.7,58.8,85.1,39.9,69.8,63.3,102.1,73.53760445682451
1995,August,42.90578887627696,43.27176781002638,62.61203585147247,29.354047424366314,51.34788189987163,46.278625954198475,75.39149888143177,58.3,58.8,85.1,39.9,69.8,62.9,102.5,73.53760445682451
1995,September,44.38138479001136,43.27176781002638,62.61203585147247,30.417007358953395,51.476251604621304,45.70610687022901,75.72706935123043,60.4,58.8,85.1,41.4,70,62.2,103,73.53760445682451
1995,October,44.494892167990926,43.27176781002638,62.483994878361074,29.681112019623875,51.476251604621304,45.13358778625954,75.61521252796419,59.8,58.2,84,39.9,69.2,60.7,101.7,74.3732590529248
1995,November,44.60839954597049,43.27176781002638,62.483994878361074,30.17170891251022,51.476251604621304,44.465648854961835,75.61521252796419,60,58.2,84,40.6,69.2,59.8,101.7,74.3732590529248
1995,December,44.72190692395006,43.27176781002638,62.483994878361074,31.64349959116926,51.60462130937099,47.70992366412214,76.06263982102908,60.1,58.2,84,42.5,69.4,64.1,102.3,74.3732590529248
1996,January,45.402951191827476,43.27176781002638,62.483994878361074,33.19705641864268,51.60462130937099,47.99618320610687,75.83892617449663,60.4,57.5,83.1,44.1,68.6,63.8,100.8,75.20891364902508
1996,February,45.402951191827476,43.27176781002638,62.483994878361074,32.86999182338512,51.60462130937099,46.660305343511446,76.17449664429529,60.4,57.5,83.1,43.7,68.6,62,101.3,75.20891364902508
1996,March,45.402951191827476,43.27176781002638,62.483994878361074,33.85118560915781,51.60462130937099,46.37404580152672,76.51006711409396,60.4,57.5,83.1,45,68.6,61.7,101.7,75.20891364902508
1996,April,45.402951191827476,43.27176781002638,62.483994878361074,34.91414554374489,51.73299101412066,47.041984732824424,76.84563758389261,59.4,56.6,81.7,45.7,67.7,61.5,100.5,76.46239554317549
1996,May,44.04086265607264,43.27176781002638,62.61203585147247,32.78822567457073,51.60462130937099,47.041984732824424,77.06935123042506,57.6,56.6,81.9,42.9,67.5,61.5,100.8,76.46239554317549
1996,June,43.813847900113515,43.27176781002638,62.86811779769527,32.134096484055604,51.73299101412066,46.7557251908397,77.18120805369128,57.3,56.6,82.2,42,67.7,61.1,100.9,76.46239554317549
1996,July,43.92735527809308,43.27176781002638,62.996158770806666,32.62469337694194,51.73299101412066,46.56488549618321,76.73378076062639,56.9,56.1,81.6,42.3,67,60.3,99.4,77.15877437325905
1996,August,43.92735527809308,43.27176781002638,62.740076824583866,32.86999182338512,51.60462130937099,47.51908396946565,77.06935123042506,56.9,56.1,81.3,42.6,66.9,61.6,99.9,77.15877437325905
1996,September,44.835414301929625,43.27176781002638,62.355953905249685,37.448896156991005,51.73299101412066,49.23664122137405,77.51677852348993,58.1,56.1,80.8,48.5,67,63.8,100.5,77.15877437325905
1996,October,45.743473325766175,43.27176781002638,61.71574903969271,40.71954210956664,51.60462130937099,50,77.51677852348993,59.5,56.3,80.3,53,67.1,65,100.8,76.88022284122563
1996,November,46.08399545970489,43.27176781002638,61.33162612035852,36.549468520032704,51.34788189987163,50.47709923664122,77.51677852348993,59.9,56.3,79.8,47.5,66.8,65.7,100.8,76.88022284122563
1996,December,46.08399545970489,43.27176781002638,61.07554417413573,38.348323793949305,51.34788189987163,52.19465648854962,77.74049217002236,59.9,56.3,79.4,49.9,66.8,67.9,101.1,76.88022284122563
1997,January,46.19750283768445,43.27176781002638,60.43533930857875,38.51185609157809,50.96277278562259,51.81297709923663,77.40492170022371,61.1,57.2,79.9,50.9,67.4,68.5,102.4,75.6267409470752
1997,February,46.19750283768445,43.27176781002638,60.69142125480154,36.05887162714637,51.09114249037226,51.62213740458016,77.62863534675616,61.1,57.2,80.3,47.7,67.6,68.3,102.6,75.6267409470752
1997,March,46.08399545970489,43.27176781002638,60.94750320102433,32.95175797219951,51.09114249037226,51.145038167938935,77.74049217002236,60.9,57.2,80.6,43.6,67.6,67.6,102.8,75.6267409470752
1997,April,45.970488081725314,43.13984168865436,60.819462227912936,31.316434995911692,50.96277278562259,50.858778625954194,78.07606263982102,60.5,56.7,80,41.2,67,66.9,102.7,76.04456824512536
1997,May,44.72190692395006,43.13984168865436,60.43533930857875,31.398201144726084,50.70603337612323,51.04961832061069,78.29977628635346,58.8,56.7,79.5,41.3,66.7,67.1,103,76.04456824512536
1997,June,44.494892167990926,43.13984168865436,60.051216389244566,30.58053965658217,50.44929396662386,51.43129770992366,78.52348993288591,58.5,56.7,79,40.2,66.3,67.6,103.3,76.04456824512536
1997,July,44.60839954597049,43.13984168865436,59.667093469910384,29.27228127555192,50.3209242618742,53.53053435114504,78.18791946308725,57.2,55.3,76.5,37.5,64.5,68.6,100.2,77.99442896935933
1997,August,44.38138479001136,43.13984168865436,59.53905249679898,30.498773507767783,50.3209242618742,54.67557251908397,78.63534675615212,56.9,55.3,76.3,39.1,64.5,70.1,100.8,77.99442896935933
1997,September,44.26787741203179,42.0844327176781,57.74647887323944,29.844644317252655,48.90885750962772,55.24809160305344,78.97091722595077,56.8,54,74,38.3,62.7,70.8,101.3,77.99442896935933
1997,October,45.85698070374574,42.0844327176781,57.61843790012805,31.316434995911692,48.90885750962772,54.86641221374045,78.97091722595077,60.3,55.3,75.8,41.2,64.3,72.2,103.8,76.04456824512536
1997,November,45.85698070374574,42.0844327176781,57.106274007682465,31.234668847097304,48.78048780487805,54.67557251908397,78.97091722595077,60.3,55.3,75.1,41.1,64.1,71.9,103.8,76.04456824512536
1997,December,45.85698070374574,42.0844327176781,56.72215108834827,30.253475061324615,48.52374839537868,54.38931297709924,79.082774049217,60.3,55.3,74.6,39.8,63.8,71.5,104,76.04456824512536
1998,January,45.85698070374574,41.556728232189975,56.59411011523689,28.12755519215045,48.138639281129656,54.10305343511451,78.63534675615212,59.6,54.1,73.6,36.6,62.6,70.4,102.3,76.88022284122563
1998,February,45.85698070374574,41.556728232189975,57.106274007682465,26.573998364677028,48.26700898587933,53.625954198473295,78.85906040268455,59.6,54.1,74.3,34.6,62.8,69.8,102.6,76.88022284122563
1998,March,45.85698070374574,41.42480211081794,57.61843790012805,25.020441537203595,48.39537869062901,53.33969465648855,79.082774049217,59.6,53.9,74.9,32.5,62.9,69.4,102.9,76.88022284122563
1998,April,45.85698070374574,41.42480211081794,57.61843790012805,25.18397383483238,48.39537869062901,56.39312977099237,79.53020134228187,59.5,53.8,74.8,32.7,62.8,73.2,103.3,77.01949860724234
1998,May,44.835414301929625,41.42480211081794,56.97823303457107,25.347506132461163,48.138639281129656,56.583969465648856,79.86577181208054,58.2,53.8,74,32.9,62.5,73.5,103.7,77.01949860724234
1998,June,44.9489216799092,41.29287598944592,56.466069142125484,24.529844644317254,47.88189987163029,56.39312977099237,79.75391498881432,58.4,53.6,73.3,31.8,62.2,73.2,103.6,77.01949860724234
1998,July,45.06242905788877,41.42480211081794,56.08194622279129,23.712183156173346,47.753530166880616,56.6793893129771,79.41834451901566,58,53.3,72.2,30.5,61.4,72.9,102.2,77.71587743732591
1998,August,45.06242905788877,41.42480211081794,56.08194622279129,23.221586263286998,47.625160462130935,56.6793893129771,79.64205816554811,58,53.3,72.2,29.9,61.3,72.9,102.5,77.71587743732591
1998,September,45.402951191827476,41.42480211081794,56.08194622279129,24.039247751430906,47.753530166880616,56.39312977099237,79.97762863534675,58.4,53.3,72.2,30.9,61.4,72.6,102.9,77.71587743732591
1998,October,46.878547105561864,41.42480211081794,56.08194622279129,24.856909239574815,47.88189987163029,56.202290076335885,79.97762863534675,59.9,52.9,71.6,31.8,61.2,71.8,102.2,78.27298050139277
1998,November,46.99205448354143,41.42480211081794,56.08194622279129,23.957481602616518,47.88189987163029,55.72519083969466,80.08948545861297,60,52.9,71.6,30.6,61.2,71.2,102.3,78.27298050139277
1998,December,46.99205448354143,41.42480211081794,56.08194622279129,22.3221586263287,47.753530166880616,54.961832061068705,80.3131991051454,60,52.9,71.6,28.5,61,70.2,102.6,78.27298050139277
1999,January,46.99205448354143,41.556728232189975,56.08194622279129,22.48569092395748,47.88189987163029,54.48473282442748,79.86577181208054,59.9,53,71.5,28.7,61.1,69.5,101.9,78.41225626740948
1999,February,46.99205448354143,41.556728232189975,56.08194622279129,22.24039247751431,47.88189987163029,54.19847328244275,79.97762863534675,59.9,53,71.5,28.4,61.1,69.1,102,78.41225626740948
1999,March,46.99205448354143,41.68865435356201,56.08194622279129,23.30335241210139,48.01026957637997,57.347328244274806,80.42505592841164,59.9,53.2,71.5,29.7,61.2,73.1,102.6,78.41225626740948
1999,April,47.105561861521004,41.29287598944592,56.08194622279129,25.756336876533116,47.88189987163029,60.40076335877862,80.76062639821029,60,52.6,71.4,32.8,61,76.9,102.8,78.55153203342618
1999,May,45.970488081725314,41.29287598944592,55.953905249679906,25.511038430089943,47.753530166880616,60.30534351145038,80.98434004474274,58.5,52.6,71.2,32.5,60.8,76.8,103.1,78.55153203342618
1999,June,45.85698070374574,41.29287598944592,55.953905249679906,25.511038430089943,47.753530166880616,60.1145038167939,80.8724832214765,58.4,52.6,71.2,32.5,60.8,76.5,103,78.55153203342618
1999,July,45.85698070374574,41.29287598944592,55.8258642765685,28.781684382665578,47.88189987163029,60.973282442748086,80.42505592841164,58.6,52.8,71.3,36.8,61.2,77.9,102.7,78.27298050139277
1999,August,45.85698070374574,41.29287598944592,55.8258642765685,29.354047424366314,47.88189987163029,62.59541984732824,80.64876957494405,58.6,52.8,71.3,37.5,61.2,80,103,78.27298050139277
1999,September,46.31101021566402,41.29287598944592,55.8258642765685,31.398201144726084,48.01026957637997,62.59541984732824,80.98434004474274,59.2,52.8,71.3,40.1,61.3,80,103.5,78.27298050139277
1999,October,47.4460839954597,41.29287598944592,55.8258642765685,31.398201144726084,48.138639281129656,63.07251908396946,80.8724832214765,60.2,52.4,70.8,39.8,61.1,80,102.6,78.83008356545962
1999,November,47.559591373439275,41.29287598944592,55.8258642765685,33.19705641864268,48.138639281129656,62.786259541984734,80.98434004474274,60.3,52.4,70.8,42.1,61.1,79.6,102.7,78.83008356545962
1999,December,47.67309875141885,41.29287598944592,55.8258642765685,38.10302534750613,48.39537869062901,64.40839694656488,81.20805369127517,60.5,52.4,70.8,48.3,61.4,81.7,103,78.83008356545962
2000,January,47.786606129398415,41.29287598944592,55.8258642765685,37.28536385936223,48.39537869062901,64.31297709923665,80.42505592841164,60.2,52,70.3,47,61,81,101.3,79.38718662952647
2000,February,47.67309875141885,41.29287598944592,55.8258642765685,37.53066230580539,48.39537869062901,64.2175572519084,80.76062639821029,60.1,52,70.3,47.3,61,80.9,101.7,79.38718662952647
2000,March,47.786606129398415,41.29287598944592,55.697823303457106,38.75715453802126,48.52374839537868,66.6030534351145,80.8724832214765,60.2,52,70.2,48.8,61.1,83.9,101.9,79.38718662952647
2000,April,47.67309875141885,40.23746701846966,55.56978233034572,37.69419460343418,47.88189987163029,68.03435114503816,81.20805369127517,60.2,50.8,70.1,47.6,60.4,85.9,102.5,79.24791086350976
2000,May,46.53802497162316,40.23746701846966,55.05761843790013,36.794766966475876,47.496790757381255,67.65267175572521,81.4317673378076,58.7,50.8,69.5,46.4,59.9,85.4,102.8,79.24791086350976
2000,June,46.19750283768445,40.23746701846966,54.545454545454554,37.85772690106296,47.240051347881895,70.99236641221374,81.54362416107382,58.3,50.8,68.8,47.8,59.6,89.6,102.9,79.24791086350976
2000,July,46.08399545970489,40.23746701846966,54.16133162612036,40.88307440719542,47.368421052631575,71.56488549618321,81.09619686800895,58.2,50.8,68.3,51.6,59.8,90.3,102.3,79.24791086350976
2000,August,46.19750283768445,40.23746701846966,54.16133162612036,41.21013900245298,47.368421052631575,68.51145038167938,81.09619686800895,58.3,50.8,68.3,52,59.8,86.5,102.3,79.24791086350976
2000,September,47.105561861521004,40.23746701846966,54.16133162612036,52.16680294358136,48.26700898587933,69.8473282442748,81.76733780760625,59.4,50.8,68.3,65.8,60.9,88.1,103.2,79.24791086350976
2000,October,48.58115777525539,40.36939313984169,54.16133162612036,55.192150449713814,48.65211810012837,68.12977099236642,81.76733780760625,61.2,50.9,68.2,69.5,61.3,85.8,103,79.38718662952647
2000,November,49.03518728717367,40.36939313984169,54.16133162612036,51.43090760425184,48.26700898587933,69.8473282442748,81.87919463087248,61.8,50.9,68.2,64.8,60.8,88,103.1,79.38718662952647
2000,December,49.148694665153236,40.36939313984169,54.16133162612036,48.81439084219134,48.138639281129656,68.70229007633588,81.87919463087248,61.9,50.9,68.2,61.5,60.6,86.5,103.1,79.38718662952647
2001,January,49.26220204313281,40.36939313984169,54.16133162612036,42.354865085854456,47.753530166880616,65.83969465648856,81.20805369127517,61.5,50.4,67.6,52.9,59.6,82.2,101.4,80.08356545961003
2001,February,49.148694665153236,40.50131926121372,54.16133162612036,43.008994276369584,47.753530166880616,66.12595419847328,81.31991051454138,61.4,50.6,67.6,53.7,59.6,82.6,101.5,80.08356545961003
2001,March,49.148694665153236,40.50131926121372,54.16133162612036,41.61896974652494,47.753530166880616,64.12213740458016,81.65548098434003,61.4,50.6,67.6,52,59.6,80.1,102,80.08356545961003
2001,April,49.148694665153236,42.0844327176781,54.16133162612036,40.31071136549468,48.26700898587933,64.79007633587787,82.10290827740492,60.8,52.1,67,49.9,59.8,80.2,101.6,80.77994428969359
2001,May,48.58115777525539,42.21635883905013,54.16133162612036,42.109566639411284,48.52374839537868,66.6030534351145,82.77404921700223,60.1,52.3,67,52.1,60.1,82.4,102.5,80.77994428969359
2001,June,48.35414301929626,42.21635883905013,54.289372599231754,42.19133278822568,48.52374839537868,67.17557251908399,82.88590604026844,59.9,52.3,67.2,52.2,60.1,83.2,102.6,80.77994428969359
2001,July,48.12712826333712,42.21635883905013,54.289372599231754,40.39247751430908,48.39537869062901,66.22137404580153,82.32662192393735,59.5,52.2,67.1,49.9,59.8,81.8,101.7,80.91922005571031
2001,August,48.240635641316686,42.21635883905013,54.289372599231754,39.16598528209321,48.39537869062901,65.55343511450383,82.66219239373602,59.6,52.2,67.1,48.4,59.8,81,102.2,80.91922005571031
2001,September,50.62429057888763,42.21635883905013,54.41741357234315,46.60670482420278,49.0372272143774,65.17175572519083,82.88590604026844,62.6,52.2,67.2,57.6,60.6,80.5,102.4,80.91922005571031
2001,October,51.87287173666289,42.21635883905013,54.41741357234315,38.51185609157809,48.39537869062901,64.12213740458016,82.66219239373602,64.1,52.2,67.2,47.6,59.8,79.2,102.2,80.91922005571031
2001,November,52.213393870601585,42.21635883905013,54.41741357234315,34.91414554374489,48.138639281129656,60.87786259541985,82.55033557046978,64.5,52.2,67.2,43.1,59.5,75.2,102,80.91922005571031
2001,December,52.32690124858116,42.21635883905013,54.41741357234315,32.78822567457073,48.01026957637997,59.82824427480916,82.77404921700223,64.7,52.2,67.2,40.5,59.3,73.9,102.3,80.91922005571031
2002,January,52.32690124858116,44.06332453825858,54.41741357234315,34.341782502044154,49.0372272143774,60.30534351145038,82.43847874720358,64,53.9,66.6,42,60,73.8,100.8,81.7548746518106
2002,February,52.32690124858116,44.06332453825858,54.41741357234315,33.19705641864268,49.0372272143774,60.40076335877862,82.55033557046978,64,53.9,66.6,40.6,60,73.9,101,81.7548746518106
2002,March,52.44040862656073,44.19525065963061,54.41741357234315,35.241210139002455,49.0372272143774,61.06870229007634,82.88590604026844,64.1,54.1,66.6,43.1,60,74.7,101.4,81.7548746518106
2002,April,52.44040862656073,44.32717678100264,54.41741357234315,36.549468520032704,49.29396662387676,64.12213740458016,83.22147651006712,63.8,53.9,66.2,44.5,60,78,101.3,82.17270194986072
2002,May,51.645856980703755,44.32717678100264,54.545454545454554,36.71300081766149,49.29396662387676,63.835877862595424,83.44519015659954,62.9,53.9,66.4,44.7,60,77.7,101.5,82.17270194986072
2002,June,51.41884222474461,44.459102902374674,54.545454545454554,35.7318070318888,49.29396662387676,63.16793893129772,83.44519015659954,62.6,54.1,66.4,43.5,60,76.9,101.5,82.17270194986072
2002,July,51.41884222474461,44.459102902374674,54.545454545454554,35.241210139002455,49.29396662387676,62.786259541984734,83.22147651006712,62.4,53.9,66.2,42.7,59.8,76.1,100.9,82.45125348189416
2002,August,51.30533484676505,44.459102902374674,54.545454545454554,34.75061324611611,49.29396662387676,62.881679389312986,83.44519015659954,62.2,53.9,66.2,42.1,59.8,76.3,101.2,82.45125348189416
2002,September,52.213393870601585,44.459102902374674,54.545454545454554,39.329517579721994,49.55070603337612,63.549618320610676,83.66890380313198,63.3,53.9,66.2,47.7,60.1,77.1,101.5,82.45125348189416
2002,October,53.23496027241771,44.459102902374674,54.545454545454554,39.73834832379396,49.6790757381258,63.549618320610676,83.7807606263982,64.1,53.6,65.7,47.9,59.8,76.6,100.9,83.008356545961
2002,November,53.68898978433598,44.459102902374674,54.545454545454554,36.05887162714637,49.42233632862644,63.3587786259542,83.7807606263982,64.7,53.6,65.7,43.4,59.5,76.3,100.9,83.008356545961
2002,December,53.57548240635642,44.5910290237467,54.545454545454554,39.98364677023712,49.6790757381258,62.97709923664122,84.11633109619686,64.5,53.7,65.7,48.2,59.8,75.9,101.3,83.008356545961
2003,January,53.46197502837685,44.5910290237467,54.67349551856595,41.86426819296811,49.807445442875476,64.2175572519084,83.55704697986577,64.2,53.5,65.6,50.3,59.8,77.1,100.3,83.28690807799443
2003,February,53.46197502837685,44.5910290237467,54.67349551856595,49.223221586263286,50.06418485237484,65.0763358778626,83.89261744966441,64.2,53.5,65.6,59.1,60.1,78.1,100.7,83.28690807799443
2003,March,53.57548240635642,44.5910290237467,54.67349551856595,50.695012264922326,50.19255455712452,67.36641221374046,84.22818791946308,64.3,53.5,65.6,60.9,60.3,80.9,101.1,83.28690807799443
2003,April,53.23496027241771,44.72295514511873,54.67349551856595,37.93949304987735,49.6790757381258,66.88931297709924,84.45190156599553,63.2,53.1,64.9,45,59,79.4,100.2,84.26183844011142
2003,May,52.667423382519864,44.9868073878628,54.80153649167734,35.65004088307441,49.807445442875476,64.40839694656488,84.45190156599553,62.5,53.4,65,42.3,59.1,76.4,100.2,84.26183844011142
2003,June,52.55391600454029,45.25065963060686,54.929577464788736,34.995911692559275,49.935815147625156,63.645038167938935,84.3400447427293,62.4,53.7,65.2,41.5,59.3,75.5,100.1,84.26183844011142
2003,July,52.55391600454029,45.382585751978894,55.05761843790013,36.22240392477514,50.06418485237484,63.835877862595424,84.22818791946308,62.1,53.6,65,42.8,59.1,75.4,99.5,84.67966573816156
2003,August,52.55391600454029,45.514511873350926,55.31370038412293,37.69419460343418,50.3209242618742,64.50381679389312,84.56375838926174,62.1,53.7,65.3,44.5,59.4,76.2,99.9,84.67966573816156
2003,September,53.34846765039728,45.514511873350926,55.44174135723432,37.20359771054784,50.44929396662386,64.98091603053436,84.8993288590604,63,53.7,65.5,43.9,59.6,76.7,100.3,84.67966573816156
2003,October,54.3700340522134,45.64643799472296,55.44174135723432,40.39247751430908,50.70603337612323,64.69465648854961,85.01118568232661,64,53.7,65.3,47.5,59.7,76.1,100.1,84.958217270195
2003,November,54.48354143019296,45.77836411609499,55.56978233034572,40.228945216680295,50.70603337612323,64.79007633587787,84.8993288590604,64.1,53.9,65.4,47.4,59.7,76.3,99.9,84.958217270195
2003,December,54.48354143019296,45.91029023746702,55.697823303457106,42.109566639411284,50.96277278562259,64.79007633587787,85.23489932885906,64.1,54,65.6,49.6,60,76.3,100.3,84.958217270195
2004,January,54.710556186152104,46.17414248021108,55.953905249679906,41.29190515126738,51.21951219512194,65.17175572519083,84.78747203579418,64.2,54.2,65.6,48.4,60.1,76.5,99.5,85.23676880222843
2004,February,54.937570942111236,46.701846965699204,56.33802816901409,40.228945216680295,51.476251604621304,65.2671755725191,85.01118568232661,64.5,54.8,66.1,47.2,60.4,76.6,99.7,85.23676880222843
2004,March,54.82406356413166,47.361477572559366,56.97823303457107,40.71954210956664,52.118100128369704,65.93511450381679,85.12304250559282,64.3,55.6,66.8,47.8,61.1,77.4,99.9,85.23676880222843
2004,April,54.82406356413166,47.75725593667547,57.61843790012805,44.235486508585446,52.75994865211809,66.50763358778626,85.4586129753915,63.3,55.1,66.5,51.1,60.9,76.8,98.6,86.62952646239555
2004,May,54.3700340522134,47.88918205804749,57.874519846350836,47.66966475878986,53.14505776636713,69.65648854961832,85.68232662192392,62.8,55.3,66.8,55,61.3,80.4,98.9,86.62952646239555
2004,June,54.25652667423383,48.02110817941953,58.25864276568502,44.889615699100574,53.273427471116804,69.46564885496184,85.68232662192392,62.6,55.4,67.3,51.8,61.5,80.2,98.9,86.62952646239555
2004,July,54.59704880817253,48.15303430079156,58.38668373879642,45.29844644317252,53.40179717586649,68.70229007633588,85.4586129753915,63,55.6,67.4,52.3,61.6,79.3,98.6,86.62952646239555
2004,August,55.50510783200908,48.28496042216359,58.51472471190782,49.71381847914963,53.786906290115525,69.17938931297711,85.68232662192392,64.1,55.7,67.5,57.4,62.1,79.9,98.9,86.62952646239555
2004,September,56.8671963677639,48.416886543535625,58.7708066581306,52.16680294358136,54.043645699614885,69.46564885496184,85.79418344519016,65.6,55.9,67.8,60.2,62.4,80.2,99,86.62952646239555
2004,October,59.13734392735528,49.07651715039578,59.411011523687584,59.19869174161898,55.070603337612326,70.99236641221374,86.01789709172259,67.2,55.8,67.5,67.3,62.6,80.7,97.7,88.02228412256268
2004,November,59.8183881952327,50.65963060686016,60.43533930857875,55.02861815208504,56.225930680359426,71.94656488549619,86.12975391498881,68,57.6,68.7,62.5,63.9,81.7,97.8,88.02228412256268
2004,December,60.385925085130545,52.37467018469657,61.587708066581314,51.02207686017989,57.25288831835687,70.41984732824427,86.57718120805369,68.6,59.5,70,58,65,80,98.4,88.02228412256268
2005,January,60.61293984108968,53.29815303430079,62.483994878361074,51.7579721995094,58.27984595635429,68.03435114503816,86.12975391498881,68.9,60.6,71,58.8,66.2,77.3,97.8,88.02228412256268
2005,February,61.06696935300795,53.562005277044854,62.996158770806666,51.83973834832379,58.536585365853654,68.89312977099237,86.35346756152124,69.4,60.9,71.6,58.9,66.5,78.3,98.1,88.02228412256268
2005,March,61.18047673098752,53.69393139841689,63.38028169014085,59.19869174161898,59.05006418485237,70.41984732824427,86.68903803131991,69.5,61,72,67.3,67.1,80,98.5,88.02228412256268
2005,April,61.18047673098752,53.95778364116095,63.63636363636365,61.324611610793134,59.43517329910141,73.37786259541986,87.02460850111856,68.5,60.4,71.3,68.7,66.6,82.2,97.5,89.27576601671309
2005,May,60.61293984108968,54.089709762532976,63.76440460947504,57.89043336058871,59.43517329910141,72.99618320610686,87.36017897091722,67.9,60.6,71.4,64.8,66.6,81.8,97.9,89.27576601671309
2005,June,60.385925085130545,54.35356200527705,63.89244558258643,63.695829926410475,59.82028241335045,72.99618320610686,87.36017897091722,67.6,60.9,71.6,71.3,67,81.8,97.9,89.27576601671309
2005,July,60.27241770715097,54.35356200527705,63.89244558258643,68.11120196238757,60.077021822849794,75.38167938931298,87.47203579418344,67.4,60.8,71.5,76.2,67.2,84.3,97.8,89.41504178272982
2005,August,61.06696935300795,54.485488126649074,64.02048655569783,72.28127555192151,60.33376123234916,77.86259541984732,87.69574944071589,68.3,60.9,71.6,80.8,67.5,87.1,98.1,89.41504178272982
2005,September,61.74801362088536,55.145118733509236,64.7887323943662,73.83483237939494,61.103979460847235,81.58396946564885,87.9194630872483,69.1,61.7,72.5,82.6,68.3,91.2,98.3,89.41504178272982
2005,October,64.35868331441544,57.25593667546174,66.19718309859157,76.778413736713,62.90115532734274,80.43893129770993,88.03131991051454,71.8,63.8,73.8,85.6,70.1,89.7,98.1,89.69359331476325
2005,November,65.03972758229285,59.36675461741425,67.6056338028169,68.43826655764515,64.18485237483952,77.67175572519085,88.03131991051454,72.5,66.2,75.4,76.3,71.6,86.6,98.1,89.69359331476325
2005,December,65.15323496027243,60.554089709762536,68.24583866837388,70.97301717089125,65.21181001283696,75.09541984732824,88.25503355704699,72.6,67.5,76.1,79.1,72.7,83.7,98.4,89.69359331476325
2006,January,65.26674233825199,61.08179419525066,68.88604353393086,72.28127555192151,65.85365853658536,76.43129770992367,87.8076062639821,72.2,67.6,76.2,80,72.9,84.6,97.1,90.38997214484681
2006,February,65.26674233825199,61.34564643799473,69.65428937259924,73.67130008176615,66.36713735558408,76.90839694656488,88.14317673378075,72.2,67.9,77.1,81.5,73.4,85.1,97.5,90.38997214484681
2006,March,65.38024971623156,63.3245382585752,71.57490396927017,74.48896156991005,68.16431322207958,76.90839694656488,88.25503355704699,72.3,70.1,79.2,82.4,75.4,85.1,97.6,90.38997214484681
2006,April,65.49375709421113,67.28232189973615,74.64788732394366,76.61488143908423,71.50192554557124,79.86641221374046,88.81431767337807,71.5,73.4,81.5,83.6,78,87.1,96.9,91.64345403899722
2006,May,66.17480136208854,71.37203166226914,77.72087067861717,77.10547833197057,74.96790757381258,82.5381679389313,89.37360178970918,72.2,77.9,84.8,84.1,81.8,90.1,97.5,91.64345403899722
2006,June,64.9262202043133,73.35092348284961,79.6414852752881,77.02371218315618,76.6367137355584,81.77480916030535,89.5973154362416,70.8,80,86.9,84,83.6,89.2,97.8,91.64345403899722
2006,July,64.81271282633372,74.14248021108179,80.40973111395647,79.47669664758791,77.53530166880616,83.20610687022901,89.48545861297539,70,80.1,86.8,85.8,83.7,89.8,96.6,92.61838440111421
2006,August,65.38024971623156,74.93403693931398,81.04993597951345,77.75960752248568,78.17715019255455,83.68320610687023,89.93288590604027,70.6,80.9,87.5,84,84.4,90.4,97.1,92.61838440111421
2006,September,66.17480136208854,76.78100263852244,82.0742637644046,73.67130008176615,79.20410783055199,78.53053435114504,90.04474272930648,71.4,82.9,88.6,79.5,85.5,84.8,97.2,92.61838440111421
2006,October,69.5800227014756,80.47493403693932,84.25096030729834,67.62060506950122,81.64313222079589,74.33206106870229,90.15659955257269,75.1,86.9,91,73,88.2,80.3,97.3,92.61838440111421
2006,November,70.37457434733258,82.98153034300792,85.91549295774648,64.51349141455438,83.4403080872914,74.04580152671755,90.38031319910513,76,89.6,92.8,69.7,90.1,79.9,97.6,92.61838440111421
2006,December,70.37457434733258,84.5646437994723,86.93982074263765,67.62060506950122,84.85237483953786,75.76335877862597,90.93959731543623,76,91.3,93.9,73,91.6,81.8,98.2,92.61838440111421
2007,January,70.48808172531214,84.82849604221636,87.32394366197184,62.87816843826657,84.98074454428755,74.90458015267177,90.15659955257269,76,91.5,94.1,67.8,91.6,80.8,97.2,92.75766016713092
2007,February,70.71509648127129,85.09234828496042,87.58002560819463,64.34995911692559,85.36585365853658,74.33206106870229,90.60402684563758,76.2,91.7,94.4,69.4,92,80.1,97.7,92.75766016713092
2007,March,70.71509648127129,84.43271767810026,87.58002560819463,66.55764513491415,85.10911424903722,76.14503816793892,91.05145413870245,76.2,91,94.4,71.8,91.8,82.1,98.2,92.75766016713092
2007,April,70.71509648127129,82.05804749340369,86.81177976952625,69.33769419460344,83.69704749679076,78.91221374045801,91.27516778523488,75.1,87.2,92.2,73.6,88.9,83.8,96.9,94.15041782729804
2007,May,70.37457434733258,79.41952506596307,85.78745198463508,69.01062959934588,82.02824133504492,81.48854961832062,91.49888143176733,74.7,84.4,91.1,73.3,87.1,86.6,97.2,94.15041782729804
2007,June,70.03405221339388,77.17678100263853,84.63508322663252,70.72771872444808,80.48780487804878,82.44274809160305,91.72259507829978,74.4,82,89.9,75.1,85.5,87.6,97.4,94.15041782729804
2007,July,69.9205448354143,75.46174142480211,83.61075544174136,72.60834014717906,79.20410783055199,82.15648854961832,91.16331096196866,74.5,80.4,89.1,77.3,84.4,87.5,97.1,93.87186629526464
2007,August,70.03405221339388,74.40633245382587,83.09859154929579,71.13654946852004,78.5622593068036,81.6793893129771,91.49888143176733,74.6,79.3,88.5,75.8,83.7,87,97.5,93.87186629526464
2007,September,70.82860385925085,73.87862796833772,83.09859154929579,75.47015535568275,78.43388960205391,81.10687022900763,91.61073825503355,75.5,78.7,88.5,80.4,83.6,86.4,97.6,93.87186629526464
2007,October,72.8717366628831,73.61477572559366,82.97055057618438,78.25020441537204,78.43388960205391,83.3969465648855,92.05816554809843,77.6,78.4,88.4,83.4,83.6,88.8,98.1,93.87186629526464
2007,November,74.23382519863793,73.61477572559366,82.97055057618438,88.79803761242844,78.81899871630294,86.6412213740458,92.28187919463086,79.1,78.4,88.4,94.6,84,92.3,98.3,93.87186629526464
2007,December,75.70942111237231,73.7467018469657,82.97055057618438,89.2886345053148,78.94736842105262,88.16793893129771,92.84116331096196,80.7,78.6,88.4,95.1,84.1,93.9,98.9,93.87186629526464
2008,January,76.61748013620885,74.14248021108179,83.35467349551855,92.72281275551923,79.46084724005134,89.31297709923663,92.17002237136465,80.8,78.2,87.9,97.8,83.8,94.2,97.2,94.84679665738162
2008,February,76.95800227014756,83.37730870712402,92.18950064020487,92.88634505314799,87.8048780487805,89.50381679389314,92.84116331096196,81.1,87.9,97.2,97.9,92.6,94.4,97.9,94.84679665738162
2008,March,77.29852440408627,83.37730870712402,92.18950064020487,106.05069501226492,88.44672657252889,91.69847328244275,93.28859060402685,81.5,87.9,97.2,111.8,93.3,96.7,98.4,94.84679665738162
2008,April,77.52553916004541,85.09234828496042,94.1101152368758,117.25265739983648,90.62901155327341,93.60687022900763,93.95973154362416,80.7,88.5,97.9,122,94.3,97.4,97.8,96.10027855153204
2008,May,79.11464245175938,85.09234828496042,94.1101152368758,127.22812755519215,91.27086007702181,97.4236641221374,94.63087248322147,82.3,88.5,97.9,132.4,95,101.4,98.5,96.10027855153204
2008,June,80.70374574347332,85.09234828496042,94.1101152368758,132.86999182338513,91.52759948652117,102.19465648854961,95.30201342281879,84,88.5,97.9,138.3,95.2,106.3,99.2,96.10027855153204
2008,July,81.4982973893303,85.22427440633244,94.1101152368758,139.57481602616517,92.0410783055199,103.33969465648856,95.19015659955255,83.5,87.3,96.4,143,94.3,105.8,97.5,97.63231197771587
2008,August,82.40635641316686,95.11873350923481,98.07938540332907,118.31561733442355,97.30423620025674,98.56870229007633,95.86129753914989,84.4,97.4,100.5,121.2,99.7,101,98.2,97.63231197771587
2008,September,89.78433598183881,110.8179419525066,108.19462227912933,115.29026982829109,109.37098844672657,97.04198473282443,96.30872483221475,92,113.5,110.8,118.1,112,99.4,98.6,97.63231197771587
2008,October,98.18388195232691,111.08179419525067,108.9628681177977,98.52820932134097,109.24261874197687,91.03053435114504,96.08501118568232,99.6,112.7,110.5,99.9,110.8,92.3,97.4,98.60724233983287
2008,November,98.97843359818388,110.94986807387863,108.9628681177977,90.51512673753066,108.85750962772785,83.49236641221374,95.9731543624161,100.4,112.5,110.5,91.8,110.4,84.7,97.3,98.60724233983287
2008,December,99.88649262202044,110.94986807387863,108.9628681177977,80.53965658217498,108.34403080872914,78.33969465648855,95.63758389261744,101.3,112.5,110.5,81.7,109.9,79.4,97,98.60724233983287
2009,January,101.02156640181612,110.94986807387863,108.70678617157492,79.31316434995912,108.21566110397944,75.76335877862597,94.96644295302013,102.4,112.5,110.2,80.4,109.7,76.8,96.3,98.60724233983287
2009,February,101.13507377979569,110.94986807387863,108.70678617157492,74.89779231398201,107.9589216944801,78.2442748091603,95.74944071588367,102.6,112.5,110.2,76,109.5,79.3,97.1,98.60724233983287
2009,March,101.02156640181612,106.2005277044855,108.19462227912933,67.53883892068683,104.8780487804878,78.81679389312977,95.9731543624161,102.4,107.7,109.7,68.5,106.4,79.9,97.3,98.60724233983287
2009,April,101.02156640181612,105.14511873350925,102.68886043533931,71.545380212592,102.31065468549423,81.96564885496184,96.19686800894854,102.3,106.5,104,72.5,103.6,83,97.4,98.74651810584959
2009,May,99.31895573212259,105.14511873350925,100.5121638924456,71.62714636140637,101.2836970474968,83.87404580152672,96.64429530201343,100.6,106.5,101.8,72.5,102.6,84.9,97.9,98.74651810584959
2009,June,98.52440408626562,105.14511873350925,100.5121638924456,79.23139820114473,101.66880616174583,87.11832061068702,96.97986577181209,99.8,106.5,101.8,80.2,103,88.2,98.2,98.74651810584959
2009,July,97.72985244040862,104.6174142480211,100.5121638924456,70.89125102207686,100.89858793324773,87.6908396946565,96.97986577181209,98.6,105.5,101.4,71.5,101.7,88.4,97.8,99.16434540389973
2009,August,98.29738933030647,104.6174142480211,100.5121638924456,78.98609975470156,101.41206675224646,88.64503816793894,97.31543624161073,99.1,105.5,101.4,79.7,102.3,89.4,98.1,99.16434540389973
2009,September,98.52440408626562,104.6174142480211,100.5121638924456,77.10547833197057,101.2836970474968,90.64885496183206,97.42729306487693,99.4,105.5,101.4,77.8,102.1,91.4,98.2,99.16434540389973
2009,October,100.56753688989784,104.48548812664909,100.12804097311141,82.01144726083402,101.41206675224646,90.0763358778626,97.53914988814317,102.3,106.3,101.8,83.4,103.1,91.6,99.2,98.32869080779943
2009,November,101.36208853575484,104.48548812664909,100.12804097311141,84.30089942763695,101.54043645699613,92.55725190839695,97.87472035794183,103.1,106.3,101.8,85.7,103.3,94.1,99.5,98.32869080779943
2009,December,101.47559591373441,104.48548812664909,100.12804097311141,86.18152085036796,101.66880616174583,92.74809160305344,98.43400447427292,103.2,106.3,101.8,87.6,103.4,94.3,100.1,98.32869080779943
2010,January,101.36208853575484,104.6174142480211,100.12804097311141,103.5977105478332,102.56739409499357,94.84732824427482,98.2102908277405,101.6,104.9,100.4,103.9,102.9,95.1,98.5,99.72144846796657
2010,February,101.47559591373441,101.58311345646437,100.12804097311141,90.59689288634505,100.5134788189987,95.61068702290076,98.65771812080537,101.8,101.9,100.4,90.8,100.8,95.9,98.9,99.72144846796657
2010,March,101.47559591373441,101.58311345646437,100.12804097311141,96.97465249386754,100.77021822849808,98.18702290076337,99.21700223713647,101.8,101.9,100.4,97.2,101.1,98.5,99.5,99.72144846796657
2010,April,101.47559591373441,98.68073878627969,99.87195902688862,100.08176614881438,99.3581514762516,102.57633587786259,99.77628635346755,101.6,98.8,100,100.2,99.5,102.7,99.9,99.8607242339833
2010,May,99.09194097616346,98.68073878627969,99.87195902688862,100.08176614881438,99.22978177150192,102.95801526717558,100,99.2,98.8,100,100.2,99.4,103.1,100.1,99.8607242339833
2010,June,97.84335981838821,98.68073878627969,99.87195902688862,96.81112019623876,99.10141206675225,100.95419847328245,100.11185682326622,98,98.8,100,96.9,99.2,101.1,100.3,99.8607242339833
2010,July,96.93530079455167,98.68073878627969,99.87195902688862,95.01226492232216,98.97304236200254,100.28625954198473,99.88814317673376,96.9,98.7,99.9,95,99,100.3,99.9,100
2010,August,97.61634506242906,98.68073878627969,99.87195902688862,94.76696647587899,98.97304236200254,99.33206106870229,100.44742729306486,97.6,98.7,99.9,94.8,99,99.3,100.4,100
2010,September,98.07037457434734,98.68073878627969,99.87195902688862,94.52166802943582,98.97304236200254,98.4732824427481,100.44742729306486,98.1,98.7,99.9,94.5,99,98.5,100.4,100
2010,October,101.02156640181612,98.68073878627969,99.61587708066581,98.2011447260834,99.10141206675225,100.28625954198473,100.67114093959731,100.5,98.1,99.1,97.7,98.6,99.7,100.1,100.55710306406687
2010,November,101.58910329171398,98.68073878627969,99.61587708066581,101.55355682747343,99.22978177150192,101.90839694656488,101.00671140939596,101,98.1,99.1,101,98.7,101.3,100.4,100.55710306406687
2010,December,102.1566401816118,103.16622691292876,100.89628681177977,128.12755519215045,103.33761232349165,104.7709923664122,102.01342281879194,101.6,102.6,100.3,127.4,102.8,104.2,101.4,100.55710306406687
2011,January,103.06469920544836,104.089709762533,101.66453265044815,125.51103843008995,104.10783055198971,109.35114503816794,102.12527964205816,100.7,101.7,99.3,122.6,101.7,106.8,99.8,102.36768802228413
2011,February,103.9727582292849,104.48548812664909,103.20102432778488,119.78740801308258,104.74967907573811,110.87786259541986,102.9082774049217,101.6,102.1,100.8,117,102.3,108.3,100.5,102.36768802228413
2011,March,103.74574347332577,105.0131926121372,103.96927016645327,130.4170073589534,105.64826700898587,113.83587786259541,103.13199105145414,101.3,102.6,101.6,127.4,103.2,111.2,100.7,102.36768802228413
2011,April,104.08626560726448,105.0131926121372,103.96927016645327,135.6500408830744,105.90500641848524,115.55343511450383,104.25055928411633,102.2,103.1,102.1,133.2,104,113.5,102.4,101.81058495821726
2011,May,102.72417707150964,105.0131926121372,103.96927016645327,125.42927228127556,105.51989730423618,117.08015267175573,104.47427293064877,100.9,103.1,102.1,123.2,103.6,115,102.6,101.81058495821726
2011,June,102.49716231555051,105.0131926121372,103.96927016645327,128.69991823385118,105.51989730423618,116.22137404580153,104.36241610738254,100.7,103.1,102.1,126.4,103.6,114.2,102.5,101.81058495821726
2011,July,102.72417707150964,105.0131926121372,103.96927016645327,124.77514309076044,105.39152759948651,115.45801526717558,104.36241610738254,100.1,102.3,101.3,121.6,102.7,112.5,101.7,102.64623955431756
2011,August,102.83768444948922,106.86015831134566,104.99359795134444,120.11447260834017,106.6752246469833,116.22137404580153,104.92170022371363,100.2,104.1,102.3,117,103.9,113.2,102.2,102.64623955431756
2011,September,103.40522133938705,120.71240105540898,112.80409731113956,123.79394930498775,117.20154043645698,116.03053435114504,105.59284116331096,100.7,117.6,109.9,120.6,114.2,113,102.9,102.64623955431756
2011,October,109.08059023836549,122.42744063324538,114.46862996158774,123.22158626328698,118.87034659820281,115.7442748091603,105.70469798657717,105.6,118.5,110.8,119.2,115,112,102.3,103.34261838440113
2011,November,109.87514188422247,123.61477572559367,115.10883482714472,130.90760425183973,120.02567394094991,115.2671755725191,105.81655480984338,106.3,119.6,111.4,126.7,116.1,111.5,102.4,103.34261838440113
2011,December,110.10215664018162,123.61477572559367,115.10883482714472,131.39820114472607,120.02567394094991,114.59923664122138,106.37583892617448,106.5,119.6,111.4,127.1,116.1,110.9,102.9,103.34261838440113
2012,January,110.21566401816119,123.61477572559367,115.10883482714472,131.64349959116925,120.15404364569959,115.17175572519085,105.81655480984338,106.4,119.3,111.1,127,116,111.1,102.1,103.62116991643455
2012,February,109.53461975028378,122.42744063324538,113.70038412291935,134.096484055601,118.99871630295249,116.69847328244273,106.37583892617448,105.7,118.1,109.7,129.4,114.8,112.6,102.7,103.62116991643455
2012,March,109.98864926220206,121.89973614775727,112.41997439180538,136.38593622240393,118.35686777920411,119.27480916030535,106.71140939597315,106.1,117.6,108.5,131.6,114.2,115.1,103,103.62116991643455
2012,April,109.98864926220206,121.2401055408971,112.41997439180538,134.8323793949305,117.84338896020539,121.7557251908397,107.38255033557047,106,116.8,108.3,129.9,113.6,117.3,103.5,103.76044568245126
2012,May,107.71850170261068,121.2401055408971,112.29193341869399,127.30989370400654,117.45827984595634,118.03435114503817,107.27069351230425,103.8,116.8,108.2,122.7,113.2,113.8,103.4,103.76044568245126
2012,June,106.81044267877414,121.2401055408971,112.29193341869399,117.41618969746526,116.9448010269576,114.31297709923665,106.82326621923937,102.9,116.8,108.2,113.2,112.7,110.2,103,103.76044568245126
2012,July,107.15096481271284,121.2401055408971,112.29193341869399,120.35977105478331,117.07317073170731,113.16793893129771,106.93512304250558,102.9,116.4,107.8,115.5,112.4,108.6,102.6,104.17827298050139
2012,August,107.03745743473326,121.2401055408971,112.29193341869399,128.86345053147997,117.45827984595634,116.1259541984733,107.49440715883667,102.7,116.4,107.8,123.7,112.7,111.5,103.2,104.17827298050139
2012,September,107.49148694665153,121.2401055408971,112.29193341869399,132.37939493049876,117.71501925545572,119.27480916030535,107.94183445190156,103.2,116.4,107.8,127.1,113,114.5,103.6,104.17827298050139
2012,October,108.39954597048809,121.2401055408971,111.7797695262484,133.8511856091578,117.58664955070601,118.51145038167941,108.50111856823266,103.5,115.8,106.7,127.8,112.3,113.2,103.6,104.73537604456826
2012,November,108.85357548240637,123.48284960422163,113.82842509603076,130.74407195421097,119.5121951219512,116.41221374045803,108.7248322147651,103.9,117.9,108.7,124.8,114.1,111.1,103.8,104.73537604456826
2012,December,109.42111237230421,130.07915567282322,119.59026888604356,137.5306623058054,125.54557124518612,114.31297709923665,109.17225950782996,104.5,124.2,114.2,131.3,119.9,109.1,104.2,104.73537604456826
2013,January,109.53461975028378,129.9472295514512,119.59026888604356,134.66884709730172,125.41720154043645,114.31297709923665,108.61297539149888,103.6,122.9,113.1,127.4,118.6,108.1,102.7,105.71030640668523
2013,February,109.76163450624293,131.2664907651715,120.99871959026889,143.17252657399837,127.08600770218229,117.55725190839695,109.39597315436241,103.8,124.2,114.5,135.4,120.2,111.2,103.5,105.71030640668523
2013,March,109.19409761634506,131.2664907651715,120.99871959026889,141.45543744889616,126.9576379974326,119.37022900763358,109.73154362416106,103.3,124.2,114.5,133.8,120.1,112.9,103.8,105.71030640668523
2013,April,109.19409761634506,131.2664907651715,120.99871959026889,133.8511856091578,126.70089858793325,117.17557251908397,109.95525727069351,103.2,124,114.3,126.5,119.7,110.7,103.9,105.84958217270196
2013,May,109.42111237230421,131.2664907651715,120.99871959026889,125.0204415372036,126.3157894736842,114.59923664122138,110.17897091722595,103.4,124,114.3,118.1,119.3,108.3,104.1,105.84958217270196
2013,June,109.30760499432463,131.2664907651715,120.99871959026889,124.69337694194604,126.3157894736842,115.36259541984735,109.95525727069351,103.3,124,114.3,117.8,119.3,109,103.9,105.84958217270196
2013,July,109.64812712826333,131.2664907651715,121.38284250960308,127.96402289452166,126.70089858793325,115.93511450381679,109.95525727069351,102.8,123,113.8,119.9,118.8,108.7,103.1,106.68523676880221
2013,August,109.53461975028378,131.2664907651715,121.38284250960308,128.04578904333604,126.70089858793325,117.55725190839695,110.40268456375838,102.7,123,113.8,120,118.8,110.2,103.5,106.68523676880221
2013,September,110.10215664018162,131.2664907651715,121.38284250960308,131.07113654946855,126.82926829268291,117.27099236641223,110.85011185682325,103.2,123,113.8,122.9,118.9,109.9,103.9,106.68523676880221
2013,October,111.35073779795688,131.2664907651715,121.38284250960308,127.14636140637776,126.70089858793325,113.64503816793894,110.85011185682325,104.1,122.7,113.5,118.9,118.5,106.2,103.6,106.96378830083566
2013,November,112.372304199773,131.2664907651715,121.38284250960308,124.69337694194604,126.57252888318355,112.21374045801527,110.96196868008947,105.1,122.7,113.5,116.6,118.3,104.9,103.7,106.96378830083566
2013,December,112.59931895573214,140.10554089709763,129.3213828425096,128.37285363859363,134.65982028241334,112.78625954198473,111.40939597315436,105.3,131,120.9,120,125.9,105.4,104.2,106.96378830083566
2014,January,113.28036322360956,138.7862796833773,129.06530089628683,125.10220768601799,133.7612323491656,112.21374045801527,110.73825503355704,105.4,129.1,120,116.4,124.4,104.4,103,107.52089136490251
2014,February,113.28036322360956,139.0501319261214,129.3213828425096,125.26573998364677,134.01797175866494,111.54580152671755,111.29753914988814,105.4,129.3,120.3,116.5,124.6,103.7,103.5,107.52089136490251
2014,March,113.16685584562998,138.65435356200527,129.06530089628683,121.66802943581358,133.50449293966622,111.45038167938932,111.52125279642058,105.3,129,120,113.2,124.2,103.7,103.7,107.52089136490251
2014,April,113.39387060158911,137.9947229551451,128.29705505761845,119.6238757154538,132.73427471116815,111.35496183206108,111.96868008948545,105.6,128.5,119.5,111.4,123.6,103.7,104.3,107.38161559888579
2014,May,112.48581157775254,137.9947229551451,128.29705505761845,118.31561733442355,132.73427471116815,111.6412213740458,111.85682326621924,104.8,128.5,119.5,110.2,123.6,104,104.2,107.38161559888579
2014,June,112.25879682179342,137.9947229551451,128.29705505761845,117.49795584627964,132.60590500641848,111.92748091603053,112.08053691275168,104.5,128.5,119.5,109.4,123.5,104.2,104.4,107.38161559888579
2014,July,112.14528944381385,137.9947229551451,128.29705505761845,116.43499591169257,132.60590500641848,112.5,111.74496644295301,103.1,126.9,117.9,107,121.9,103.4,102.7,108.77437325905292
2014,August,111.91827468785472,137.9947229551451,128.29705505761845,116.68029435813571,132.60590500641848,110.87786259541986,112.08053691275168,102.9,126.9,117.9,107.3,121.9,101.9,103,108.77437325905292
2014,September,112.48581157775254,137.9947229551451,128.29705505761845,114.96320523303352,132.47753530166878,110.20992366412214,112.19239373601788,103.4,126.9,117.9,105.7,121.8,101.3,103.1,108.77437325905292
2014,October,114.64245175936436,137.9947229551451,128.29705505761845,109.48487326246934,132.3491655969191,108.20610687022902,112.30425055928413,105.8,127.4,118.4,101,122.1,99.9,103.6,108.3565459610028
2014,November,114.75595913734394,137.9947229551451,128.29705505761845,108.0948487326247,132.22079589216943,105.62977099236642,111.96868008948545,105.9,127.4,118.4,99.8,122,97.5,103.3,108.3565459610028
2014,December,114.75595913734394,137.9947229551451,128.29705505761845,99.34587080948486,131.83568677792042,100.8587786259542,111.96868008948545,105.9,127.4,118.4,91.7,121.7,93.1,103.3,108.3565459610028
2015,January,114.64245175936436,137.33509234828495,128.29705505761845,86.67211774325429,131.06546854942232,93.98854961832062,111.07382550335569,105.5,126.4,118.1,79.8,120.6,86.5,102.2,108.63509749303621
2015,February,114.64245175936436,136.41160949868075,128.29705505761845,91.00572363041701,130.80872913992297,93.03435114503817,111.29753914988814,105.5,125.6,118.1,83.8,120.4,85.6,102.5,108.63509749303621
2015,March,114.75595913734394,132.8496042216359,128.29705505761845,88.30744071954211,129.13992297817714,96.18320610687023,111.52125279642058,105.6,122.3,118.1,81.3,118.9,88.5,102.7,108.63509749303621
2015,April,114.86946651532351,132.71767810026384,128.04097311139566,88.47097301717089,129.01155327342747,97.6145038167939,111.74496644295301,106,122.5,118.2,81.6,119.1,90.1,103.1,108.3565459610028
2015,May,112.48581157775254,131.92612137203164,128.04097311139566,89.77923139820115,128.62644415917842,99.42748091603055,111.96868008948545,103.8,121.8,118.2,82.9,118.7,91.8,103.3,108.3565459610028
2015,June,112.14528944381385,131.92612137203164,127.91293213828428,87.4080130825838,128.49807445442875,100.1908396946565,112.08053691275168,103.5,121.8,118,80.7,118.6,92.5,103.4,108.3565459610028
2015,July,112.03178206583428,131.92612137203164,127.91293213828428,83.72853638593622,128.36970474967904,99.61832061068702,111.85682326621924,103,121.3,117.6,77,118,91.6,102.8,108.77437325905292
2015,August,112.03178206583428,131.92612137203164,127.91293213828428,74.40719542109568,127.98459563543003,96.66030534351145,112.19239373601788,103,121.3,117.6,68.4,117.7,88.9,103.1,108.77437325905292
2015,September,112.372304199773,129.023746701847,127.91293213828428,75.55192150449714,126.82926829268291,93.89312977099237,112.08053691275168,103.3,118.6,117.6,69.5,116.6,86.3,103,108.77437325905292
2015,October,113.84790011350738,129.023746701847,127.91293213828428,75.63368765331153,126.82926829268291,93.03435114503817,112.19239373601788,104.3,118.2,117.1,69.3,116.2,85.2,102.7,109.19220055710308
2015,November,114.07491486946653,129.023746701847,127.91293213828428,73.01717089125103,126.70089858793325,91.98473282442748,112.19239373601788,104.5,118.2,117.1,66.9,116,84.2,102.7,109.19220055710308
2015,December,114.07491486946653,129.023746701847,127.91293213828428,67.29354047424366,126.57252888318355,89.40839694656489,112.19239373601788,104.5,118.2,117.1,61.6,115.9,81.9,102.7,109.19220055710308
2016,January,114.07491486946653,129.023746701847,127.91293213828428,61.242845461978746,126.18741976893453,87.11832061068702,111.29753914988814,103.9,117.6,116.6,55.8,115,79.4,101.4,109.74930362116993
2016,February,114.18842224744607,128.10026385224273,127.91293213828428,58.62632869991824,125.6739409499358,86.25954198473283,111.63310961968679,104,116.7,116.6,53.4,114.5,78.6,101.7,109.74930362116993
2016,March,113.96140749148695,124.80211081794195,127.91293213828428,63.205233033524124,124.39024390243902,87.30916030534351,112.08053691275168,103.8,113.7,116.6,57.6,113.3,79.6,102.1,109.74930362116993
2016,April,114.18842224744607,123.08707124010554,127.65685019206148,64.67702371218316,123.62002567394094,90.26717557251908,112.08053691275168,103.9,112,116.2,58.9,112.5,82.1,102,109.88857938718664
2016,May,112.82633371169129,123.08707124010554,127.65685019206148,68.68356500408831,123.74839537869062,92.6526717557252,112.30425055928413,102.7,112,116.2,62.5,112.6,84.3,102.2,109.88857938718664
2016,June,111.91827468785472,123.08707124010554,127.65685019206148,74.24366312346689,124.13350449293965,94.75190839694656,112.52796420581655,101.8,112,116.2,67.6,113,86.2,102.4,109.88857938718664
2016,July,111.01021566401816,123.08707124010554,127.65685019206148,74.40719542109568,124.13350449293965,95.41984732824427,112.52796420581655,100,110.9,115,67,111.8,86,101.4,111.00278551532034
2016,August,111.12372304199774,123.08707124010554,127.65685019206148,72.93540474243663,124.00513478818998,94.08396946564885,112.86353467561521,100.1,110.9,115,65.7,111.7,84.8,101.7,111.00278551532034
2016,September,112.03178206583428,123.08707124010554,127.65685019206148,76.20605069501227,124.26187419768932,95.22900763358778,113.08724832214763,100.9,110.9,115,68.7,111.9,85.8,101.9,111.00278551532034
2016,October,113.96140749148695,123.08707124010554,127.65685019206148,86.91741618969746,124.90372272143773,97.4236641221374,113.19910514541387,102,110.2,114.3,77.8,111.8,87.2,101.3,111.6991643454039
2016,November,114.75595913734394,123.08707124010554,127.65685019206148,83.40147179067866,124.77535301668806,98.85496183206106,113.42281879194631,102.7,110.2,114.3,74.7,111.7,88.5,101.5,111.6991643454039
2016,December,115.43700340522136,123.08707124010554,127.65685019206148,90.59689288634505,125.1604621309371,98.37786259541984,113.9821029082774,103.3,110.2,114.3,81.1,112.1,88.1,102,111.6991643454039
2017,January,115.66401816118048,122.55936675461743,127.65685019206148,95.99345870809486,125.1604621309371,101.81297709923665,113.42281879194631,103.2,109.3,113.9,85.6,111.6,90.8,101.2,112.11699164345403
2017,February,116.23155505107835,122.55936675461743,127.65685019206148,94.52166802943582,125.1604621309371,102.95801526717558,114.20581655480984,103.7,109.3,113.9,84.3,111.6,91.8,101.9,112.11699164345403
2017,March,116.23155505107835,122.55936675461743,128.93725992317545,89.77923139820115,125.54557124518612,102.19465648854961,114.65324384787472,103.7,109.3,115,80.1,112,91.2,102.3,112.11699164345403
2017,April,116.34506242905789,121.89973614775727,132.13828425096034,89.94276369582992,126.82926829268291,100.66793893129771,115.1006711409396,103.8,108.7,117.9,80.2,113.1,89.8,102.7,112.11699164345403
2017,May,114.75595913734394,122.42744063324538,137.51600512163895,83.72853638593622,129.39666238767649,99.61832061068702,115.54809843400446,102.4,109.2,122.7,74.7,115.4,88.9,103.1,112.11699164345403
2017,June,114.52894438138482,122.42744063324538,137.51600512163895,82.17497955846281,129.39666238767649,98.56870229007633,115.54809843400446,102.2,109.2,122.7,73.3,115.4,87.9,103.1,112.11699164345403
2017,July,114.41543700340522,123.08707124010554,139.18053777208706,81.52085036794767,130.42362002567393,97.32824427480917,115.43624161073825,102.1,109.8,124.1,72.7,116.3,86.8,103,112.11699164345403
2017,August,114.41543700340522,123.08707124010554,139.18053777208706,85.28209321340965,130.5519897304236,98.95038167938932,116.10738255033557,102.1,109.8,124.1,76.1,116.4,88.3,103.6,112.11699164345403
2017,September,114.41543700340522,123.08707124010554,139.18053777208706,88.79803761242844,130.6803594351733,101.0496183206107,116.44295302013421,102.1,109.8,124.1,79.2,116.6,90.1,103.9,112.11699164345403
2017,October,116.79909194097617,123.08707124010554,142.25352112676057,89.69746524938675,132.3491655969191,100.66793893129771,116.55480984340045,103.4,109,125.9,79.4,117.2,89.1,103.2,112.95264623955433
2017,November,118.04767309875142,123.21899736147759,142.25352112676057,97.95584627964023,132.73427471116815,102.29007633587787,117.00223713646531,104.5,109.1,125.9,86.7,117.5,90.6,103.6,112.95264623955433
2017,December,118.38819523269012,123.21899736147759,142.25352112676057,105.56009811937857,132.9910141206675,103.05343511450383,117.33780760626398,104.8,109.1,125.9,93.5,117.7,91.2,103.9,112.95264623955433
2018,January,118.61520998864927,123.35092348284962,142.25352112676057,106.86835650040882,133.1193838254172,103.91221374045803,116.7785234899329,104.6,108.8,125.5,94.3,117.4,91.7,103,113.37047353760448
2018,February,118.61520998864927,123.35092348284962,142.25352112676057,105.06950122649224,133.1193838254172,103.81679389312977,117.33780760626398,104.6,108.8,125.5,92.7,117.4,91.6,103.5,113.37047353760448
2018,March,118.95573212258796,123.35092348284962,142.25352112676057,110.46606704824202,133.24775353016688,102.48091603053436,117.4496644295302,104.9,108.8,125.5,97.4,117.5,90.4,103.6,113.37047353760448
2018,April,118.84222474460842,123.7467018469657,143.5339308578745,110.87489779231399,134.14634146341461,103.72137404580153,117.89709172259508,104.1,108.4,125.7,97.1,117.5,90.8,103.2,114.20612813370474
2018,May,115.5505107832009,123.87862796833775,143.66197183098592,114.79967293540474,134.2747111681643,107.63358778625954,118.34451901565994,101.2,108.5,125.8,100.5,117.6,94.2,103.6,114.20612813370474
2018,June,115.32349602724177,126.91292875989446,146.86299615877084,113.73671300081767,137.22721437740694,110.01908396946564,118.34451901565994,101,111.1,128.6,99.6,120.2,96.3,103.6,114.20612813370474
2018,July,116.0045402951192,128.36411609498683,149.42381562099874,110.79313164349959,139.02439024390242,109.44656488549617,118.34451901565994,101.1,111.9,130.2,96.5,121.1,95.4,103.1,114.7632311977716
2018,August,116.23155505107835,128.36411609498683,149.42381562099874,112.18315617334423,139.02439024390242,110.49618320610688,119.12751677852349,101.3,111.9,130.2,97.8,121.1,96.3,103.8,114.7632311977716
2018,September,115.77752553916005,129.81530343007915,152.11267605633802,117.66148814390843,141.20667522464697,111.92748091603053,119.2393736017897,100.9,113.1,132.5,102.5,123,97.5,103.9,114.7632311977716
2018,October,119.9772985244041,132.4538258575198,155.18565941101156,126.16516762060508,144.2875481386393,112.6908396946565,119.35123042505593,103.7,114.4,134.1,109,124.7,97.4,103.1,115.73816155988858
2018,November,119.06923950056756,132.4538258575198,155.18565941101156,119.13327882256746,144.03080872913992,111.35496183206108,119.68680089485457,102.9,114.4,134.1,102.9,124.4,96.2,103.4,115.73816155988858
2018,December,121.45289443813849,132.4538258575198,155.18565941101156,111.6107931316435,143.77406931964057,106.48854961832062,119.7986577181208,104.9,114.4,134.1,96.4,124.2,92,103.5,115.73816155988858
2019,January,121.45289443813849,121.2401055408971,147.6312419974392,107.68601798855273,135.04492939666238,104.67557251908397,118.90380313199105,104.8,104.6,127.4,92.9,116.5,90.3,102.6,115.87743732590529
2019,February,121.56640181611805,121.37203166226914,147.7592829705506,110.13900245298444,135.30166880616176,104.38931297709924,119.46308724832213,104.9,104.7,127.5,95,116.8,90.1,103.1,115.87743732590529
2019,March,121.90692395005678,121.37203166226914,147.7592829705506,110.87489779231399,135.30166880616176,105.43893129770994,119.68680089485457,105.2,104.7,127.5,95.7,116.8,91,103.3,115.87743732590529
2019,April,119.86379114642452,132.5857519788918,163.76440460947506,111.36549468520032,148.13863928112966,108.20610687022902,120.35794183445189,102.3,113.2,139.8,95.1,126.5,92.4,102.8,117.13091922005572
2019,May,120.88535754824063,132.5857519788918,163.76440460947506,113.16434995911693,148.26700898587933,111.25954198473282,120.69351230425056,103.2,113.2,139.8,96.6,126.6,95,103,117.13091922005572
2019,June,121.56640181611805,132.5857519788918,163.76440460947506,108.66721177432544,148.13863928112966,110.7824427480916,120.69351230425056,103.8,113.2,139.8,92.8,126.5,94.6,103,117.13091922005572
2019,July,121.33938706015893,132.5857519788918,163.76440460947506,108.0130825838103,148.01026957637995,109.63740458015268,120.69351230425056,103,112.5,139,91.7,125.6,93,102.4,117.82729805013928
2019,August,120.54483541430194,132.5857519788918,163.76440460947506,109.73017170891251,148.13863928112966,110.30534351145039,121.25279642058165,102.3,112.5,139,93.1,125.7,93.6,102.9,117.82729805013928
2019,September,120.99886492622021,132.5857519788918,163.76440460947506,109.81193785772692,148.13863928112966,109.54198473282443,121.36465324384787,102.7,112.5,139,93.2,125.7,93,103,117.82729805013928
2019,October,122.81498297389331,120.97625329815304,160.30729833546738,113.81847914963204,141.59178433889602,108.96946564885496,121.14093959731542,103.6,102.1,135.3,96,119.5,91.9,102.2,118.52367688022282
2019,November,125.7661748013621,120.97625329815304,160.30729833546738,110.30253475061325,141.59178433889602,108.11068702290076,121.36465324384787,106.1,102.1,135.3,93.1,119.5,91.2,102.4,118.52367688022282
2019,December,126.44721906923952,120.97625329815304,160.30729833546738,110.38430089942763,141.59178433889602,107.5381679389313,121.36465324384787,106.7,102.1,135.3,93.1,119.5,90.7,102.4,118.52367688022282
2020,January,125.31214528944383,120.97625329815304,160.30729833546738,114.14554374488961,141.72015404364572,109.63740458015268,121.0290827740492,104.9,101.2,134.1,95.5,118.6,91.7,101.3,119.49860724233983
2020,February,126.67423382519864,120.97625329815304,160.30729833546738,101.47179067865903,141.20667522464697,107.25190839694659,121.47651006711409,106,101.2,134.1,84.9,118.2,89.8,101.7,119.49860724233983
2020,March,126.67423382519864,120.97625329815304,160.30729833546738,83.40147179067866,140.56482670089858,102.95801526717558,121.47651006711409,106,101.2,134.1,69.8,117.6,86.2,101.7,119.49860724233983
2020,April,126.56072644721907,116.62269129287598,160.56338028169014,64.84055600981193,137.997432605905,94.94274809160305,121.36465324384787,98.7,90.9,125.2,50.5,107.6,74,94.6,128.27298050139277
2020,May,126.56072644721907,116.75461741424802,160.56338028169014,60.670482420278006,137.86906290115533,92.6526717557252,121.36465324384787,98.7,91,125.2,47.3,107.5,72.2,94.6,128.27298050139277
2020,June,126.44721906923952,116.75461741424802,160.56338028169014,70.89125102207686,138.25417201540435,92.6526717557252,121.47651006711409,98.6,91,125.2,55.3,107.8,72.2,94.7,128.27298050139277
2020,July,126.90124858115779,116.62269129287598,160.43533930857876,71.4636140637776,138.25417201540435,96.46946564885496,122.03579418344516,103.1,94.7,130.3,58,112.3,78.4,99.1,123.11977715877438
2020,August,125.87968217934167,116.62269129287598,160.43533930857876,71.30008176614882,138.12580231065468,97.80534351145039,121.47651006711409,102.2,94.7,130.3,57.9,112.2,79.4,98.7,123.11977715877438
2020,September,127.01475595913736,116.62269129287598,160.43533930857876,68.27473426001636,138.12580231065468,97.90076335877862,122.03579418344516,103.2,94.7,130.3,55.5,112.2,79.5,99.1,123.11977715877438
2020,October,128.83087400681046,102.37467018469657,155.18565941101156,71.30008176614882,129.13992297817714,97.80534351145039,122.03579418344516,105.4,83.7,126.9,58.3,105.6,80,99.8,122.28412256267409
2020,November,130.64699205448355,102.37467018469657,155.18565941101156,67.45707277187245,129.01155327342747,97.32824427480917,121.81208053691275,106.8,83.7,126.9,55.2,105.5,79.6,99.6,122.28412256267409
2020,December,130.19296254256528,102.37467018469657,155.18565941101156,79.64022894521669,129.5250320924262,98.56870229007633,122.14765100671141,106.5,83.7,126.9,65.1,105.9,80.6,99.9,122.28412256267409
2021,January,130.30646992054486,102.37467018469657,155.18565941101156,85.6909239574816,129.78177150192553,100.66793893129771,121.92393736017897,105.1,82.6,125.2,69.1,104.7,81.2,98.4,123.95543175487467
2021,February,130.0794551645857,102.37467018469657,155.18565941101156,92.15044971381849,130.16688061617458,103.53053435114504,122.03579418344516,104.9,82.6,125.2,74.3,105,83.5,98.5,123.95543175487467
2021,March,130.30646992054486,102.37467018469657,155.18565941101156,94.76696647587899,130.29525032092425,106.48854961832062,122.37136465324386,105.1,82.6,125.2,76.5,105.1,85.9,98.7,123.95543175487467
2021,April,130.4199772985244,112.0052770448549,169.39820742637644,90.59689288634505,141.33504492939664,107.82442748091603,123.15436241610738,106.4,91.4,138.2,73.9,115.3,88,100.5,122.56267409470753
2021,May,130.30646992054486,112.0052770448549,169.39820742637644,94.84873262469338,141.46341463414635,109.2557251908397,123.9373601789709,106.3,91.4,138.2,77.4,115.4,89.1,101.1,122.56267409470753
2021,June,130.64699205448355,112.0052770448549,169.39820742637644,97.79231398201145,141.59178433889602,111.45038167938932,124.496644295302,106.6,91.4,138.2,79.8,115.5,90.9,101.6,122.56267409470753
2021,July,130.64699205448355,112.0052770448549,169.65428937259927,98.2829108748978,141.84852374839537,113.64503816793894,124.496644295302,105.5,90.5,137,79.4,114.6,91.8,100.5,123.81615598885796
2021,August,130.53348467650397,112.0052770448549,169.65428937259927,97.05641864268193,141.72015404364572,115.17175572519085,125.39149888143174,105.4,90.5,137,78.4,114.5,93,101.3,123.81615598885796
2021,September,131.21452894438139,112.0052770448549,169.65428937259927,101.47179067865903,141.97689345314504,115.36259541984735,125.72706935123041,106,90.5,137,82,114.7,93.2,101.5,123.81615598885796
2021,October,132.5766174801362,131.13456464379948,184.37900128040974,120.5233033524121,158.79332477535303,118.89312977099236,127.06935123042504,105.8,104.6,147.1,96.2,126.7,94.9,101.4,125.34818941504177
2021,November,133.14415437003407,131.13456464379948,184.37900128040974,125.0204415372036,159.05006418485237,125,128.07606263982103,106.2,104.6,147.1,99.7,126.9,99.7,102.2,125.34818941504177
2021,December,136.77639046538025,131.13456464379948,184.37900128040974,121.17743254292724,158.92169448010267,125,128.74720357941834,109.1,104.6,147.1,96.7,126.8,99.7,102.7,125.34818941504177
2022,January,137.45743473325766,131.2664907651715,185.0192061459667,125.91986917416189,159.56354300385107,124.42748091603055,128.52348993288592,108.1,103.2,145.5,99,125.5,97.9,101.1,127.15877437325906
2022,February,139.95459704880818,131.2664907651715,185.0192061459667,140.80130825838103,160.20539152759946,126.62213740458014,129.53020134228186,110.1,103.2,145.5,110.7,126,99.6,101.9,127.15877437325906
2022,March,144.9489216799092,131.2664907651715,185.0192061459667,202.7800490596893,162.5160462130937,139.2175572519084,130.9843400447427,114,103.2,145.5,159.5,127.8,109.5,103,127.15877437325906
2022,April,147.7866061293984,218.86543535620055,260.17925736235594,193.7857726901063,239.66623876765078,141.793893129771,134.22818791946307,114,168.8,200.7,149.5,184.8,109.4,103.5,129.6657381615599
2022,May,151.9863791146425,218.86543535620055,260.17925736235594,211.12019623875713,240.43645699614888,145.03816793893128,135.12304250559285,117.2,168.8,200.7,162.8,185.4,111.9,104.2,129.6657381615599
2022,June,159.8183881952327,218.86543535620055,260.17925736235594,223.79394930498773,241.0783055198973,158.58778625954199,136.24161073825502,123.3,168.8,200.7,172.6,185.9,122.3,105.1,129.6657381615599
2022,July,165.83427922814985,219.12928759894461,261.3316261203585,210.38430089942764,241.46341463414635,163.26335877862596,137.02460850111856,125.9,166.3,198.3,159.7,183.3,123.9,104,131.75487465181058
2022,August,169.46651532349605,219.12928759894461,261.3316261203585,180.78495502861816,240.56482670089858,152.09923664122138,137.69574944071587,128.6,166.3,198.3,137.2,182.6,115.4,104.5,131.75487465181058
2022,September,172.7582292849035,219.12928759894461,261.3316261203585,205.3147996729354,241.591784338896,145.99236641221373,138.4787472035794,131.1,166.3,198.3,155.8,183.4,110.8,105.1,131.75487465181058
2022,October,180.81725312145292,300,305.50576184379,204.98773507767783,301.1553273427471,145.22900763358777,141.16331096196868,133.8,222.1,226.1,151.7,222.9,107.5,104.5,135.0974930362117
2022,November,180.70374574347332,300,304.86555697823303,195.82992641046607,300.64184852374837,146.46946564885496,141.72259507829978,133.8,222.1,225.7,145,222.5,108.4,104.9,135.0974930362117
2022,December,180.24971623155508,300,304.86555697823303,178.25020441537205,299.99999999999994,139.31297709923663,142.28187919463087,133.4,222.1,225.7,131.9,222.1,103.1,105.3,135.0974930362117
2023,January,182.633371169126,301.05540897097626,308.4507042253521,176.53311529026982,302.3106546854942,134.0648854961832,141.38702460850112,133.1,219.4,224.8,128.7,220.4,97.7,103.1,137.1866295264624
2023,February,184.22247446083998,301.05540897097626,308.4507042253521,168.27473426001634,302.0539152759949,132.44274809160305,143.06487695749442,134.3,219.4,224.8,122.7,220.2,96.5,104.3,137.1866295264624
2023,March,181.2712826333712,301.05540897097626,308.4507042253521,157.0727718724448,301.54043645699613,130.91603053435114,144.1834451901566,132.1,219.4,224.8,114.5,219.8,95.4,105.1,137.1866295264624
2023,April,181.1577752553916,298.02110817941957,305.12163892445585,141.210139002453,297.9460847240051,129.19847328244276,145.8612975391499,130.1,214,219.1,101.4,213.9,92.8,104.7,139.2757660167131
2023,May,180.59023836549378,298.02110817941957,305.12163892445585,128.20932134096486,297.4326059050064,126.04961832061068,146.86800894854585,129.7,214,219.1,92.1,213.6,90.5,105.5,139.2757660167131
2023,June,180.0227014755959,298.02110817941957,305.12163892445585,121.83156173344236,297.3042362002567,122.61450381679391,147.0917225950783,129.3,214,219.1,87.5,213.5,88,105.6,139.2757660167131
2023,July,179.22814982973895,222.8232189973615,278.7451984635083,129.76287816843825,252.5032092426187,122.61450381679391,146.420581655481,127.8,158.9,198.7,92.5,180,87.4,104.4,140.2506963788301
2023,August,180.0227014755959,222.8232189973615,278.7451984635083,152.65739983646768,253.2734274711168,127.19465648854964,146.86800894854585,128.4,158.9,198.7,108.8,180.6,90.7,104.7,140.2506963788301
2023,September,179.90919409761636,222.8232189973615,278.7451984635083,164.67702371218314,253.65853658536582,131.87022900763358,147.6510067114094,128.3,158.9,198.7,117.4,180.9,94,105.3,140.2506963788301
2023,October,177.07150964812715,207.12401055408972,257.8745198463509,167.37530662305804,236.07188703465982,134.16030534351145,147.6510067114094,126.3,147.7,183.9,119.3,168.3,95.7,105.3,140.2506963788301
2023,November,176.04994324631102,207.12401055408972,257.8745198463509,157.48160261651677,235.68677792041078,130.91603053435114,147.3154362416107,125.5,147.7,183.9,112.3,168,93.3,105,140.2506963788301
2023,December,176.84449489216803,207.12401055408972,257.8745198463509,150.2861815208504,235.43003851091143,124.23664122137403,147.8747203579418,126.1,147.7,183.9,107.2,167.9,88.6,105.4,140.2506963788301
2024,January,175.1418842224745,221.2401055408971,268.37387964148525,145.70727718724447,246.85494223363284,121.7557251908397,147.0917225950783,123.2,155.6,188.7,102.5,173.6,85.6,103.4,142.20055710306409
2024,February,175.3688989784336,221.2401055408971,268.37387964148525,153.31152902698284,247.2400513478819,123.85496183206108,147.98657718120808,123.3,155.6,188.7,107.8,173.9,87.1,104.1,142.20055710306409
2024,March,175.93643586833144,221.2401055408971,268.37387964148525,143.99018806214227,246.85494223363284,126.14503816793892,148.76957494407156,123.7,155.6,188.7,101.3,173.6,88.7,104.6,142.20055710306409
2024,April,176.84449489216803,186.41160949868078,240.8450704225352,146.03434178250205,217.20154043645698,128.81679389312976,149.32885906040266,123.6,130.3,168.4,102.1,151.9,90.1,104.4,143.03621169916437
2024,May,176.16345062429056,186.41160949868078,240.8450704225352,137.28536385936223,216.81643132220793,128.91221374045801,149.77628635346755,123.2,130.3,168.4,96,151.6,90.1,104.7,143.03621169916437
2024,June,175.48240635641318,186.41160949868078,240.8450704225352,129.68111201962387,216.43132220795889,125.8587786259542,149.99999999999997,122.7,130.3,168.4,90.7,151.3,88,104.9,143.03621169916437
2024,July,174.91486946651534,171.8997361477573,224.4558258642766,137.85772690106296,201.79717586649545,124.80916030534353,149.66442953020135,120.4,118.3,154.5,94.9,138.9,85.9,103,145.26462395543177
2024,August,174.68785471055622,171.8997361477573,224.4558258642766,127.80049059689289,201.2836970474968,122.90076335877865,150.22371364653245,120.3,118.3,154.5,88,138.6,84.6,103.4,145.26462395543177
2024,September,174.80136208853577,171.8997361477573,224.4558258642766,122.64922322158627,201.1553273427471,118.12977099236642,150.1118568232662,120.3,118.3,154.5,84.4,138.5,81.3,103.3,145.26462395543177
2024,October,174.34733257661748,191.95250659630608,241.741357234315,126.7375306623058,219.25545571245183,115.7442748091603,151.00671140939596,118.9,130.9,164.8,86.4,149.5,78.9,103,146.6573816155989
2024,November,173.32576617480134,191.95250659630608,241.741357234315,122.73098937040065,219.12708600770213,116.6030534351145,151.1185682326622,118.2,130.9,164.8,83.7,149.4,79.5,103,146.6573816155989
2024,December,173.2122587968218,191.95250659630608,241.99743918053778,125.34750613246118,219.25545571245183,118.03435114503817,151.67785234899327,118.1,130.9,165,85.5,149.5,80.5,103.4,146.6573816155989
2025,January,173.09875141884223,194.4591029023747,244.81434058898847,135.89533932951758,222.46469833119386,118.98854961832062,151.45413870246085,117.1,131.6,165.7,92,150.5,80.5,102.5,147.77158774373257
2025,February,173.32576617480134,194.59102902374673,244.81434058898847,135.6500408830744,222.33632862644416,120.70610687022901,152.12527964205816,117.3,131.7,165.7,91.8,150.5,81.7,102.9,147.77158774373257
2025,March,173.32576617480134,194.59102902374673,244.6862996158771,125.42927228127556,221.9512195121951,119.37022900763358,152.68456375838926,117.3,131.7,165.6,84.9,150.2,80.8,103.3,147.77158774373257
2025,April,173.32576617480134,209.2348284960422,251.98463508322666,115.69910057236304,231.57894736842107,116.88931297709924,154.58612975391497,116.3,140.4,169.1,77.6,155.4,78.4,103.7,149.02506963788304
2025,May,173.32576617480134,209.2348284960422,251.85659411011522,110.46606704824202,231.32220795892167,114.98091603053436,154.80984340044742,116.3,140.4,169,74.1,155.2,77.2,103.9,149.02506963788304
2025,June,172.41770715096482,209.36675461741424,251.85659411011522,108.34014717906786,231.19383825417202,114.50381679389314,155.36912751677852,115.7,140.5,169,72.7,155.1,76.8,104.3,149.02506963788304
2025,July,172.1906923950057,194.32717678100266,242.38156209987199,119.78740801308258,220.1540436456996,116.41221374045803,155.48098434004473,114.3,129,160.8,79.5,146.1,77.2,103.2,150.69637883008357
2025,August,172.30419977298527,194.1952506596306,242.38156209987199,117.33442354865088,220.1540436456996,116.88931297709924,155.8165548098434,114.3,128.9,160.8,77.9,146.1,77.6,103.4,150.69637883008357
2025,September,165.6072644721907,194.1952506596306,242.50960307298337,115.69910057236304,219.89730423620023,116.69847328244273,155.8165548098434,109.9,128.9,160.9,76.8,145.9,77.4,103.4,150.69637883008357
2025,October,172.98524404086268,196.04221635883906,248.2714468629962,120.44153720359772,224.13350449293966,117.36641221374046,156.3758389261745,,,,,,,,
2025,November,173.32576617480134,196.04221635883906,248.52752880921898,129.43581357318072,224.64698331193836,117.74809160305344,156.04026845637583,,,,,,,,
